contribution,decision,game_id,payoff,player_id,player_name,player_type,round,statement,thinking
less,0,Game-42fb40,8.0,958c89a7-04b8-4496-b9a9-32c0329cf987,Human_1,human,1,N/A,Human decision
more,3,Game-42fb40,5.0,74d3354c-afb5-4c05-9dd4-d4755fe5276d,ThoughtfulInvestor_2,A cautious but fair player who wants the group to succeed but avoids being exploited.,1,N/A,INVESTMENT: 3
more,3,Game-42fb40,5.0,9f4de0cd-667d-43f2-a82a-fcc7239b3786,ThoughtfulInvestor_3,A cautious but fair player who wants the group to succeed but avoids being exploited.,1,N/A,INVESTMENT: 3
less,0,Game-42fb40,8.0,958c89a7-04b8-4496-b9a9-32c0329cf987,Human_1,human,2,I'm not planning to cooperate at all.,Human decision
more,3,Game-42fb40,5.0,74d3354c-afb5-4c05-9dd4-d4755fe5276d,ThoughtfulInvestor_2,A cautious but fair player who wants the group to succeed but avoids being exploited.,2,"It seems a cautious approach in this round yielded a reasonable return. I'm interested in hearing everyone's thoughts on how we can maximize our collective earnings in the next round, while ensuring a fair distribution of risk and reward.",INVESTMENT: 3
more,3,Game-42fb40,5.0,9f4de0cd-667d-43f2-a82a-fcc7239b3786,ThoughtfulInvestor_3,A cautious but fair player who wants the group to succeed but avoids being exploited.,2,"I'm pleased we all made a profit this round, though it seems investing more aggressively might yield higher returns. I'll be observing the overall trends before making any significant changes to my strategy in the next round.",INVESTMENT: 3
less,0,Game-42fb40,7.5,958c89a7-04b8-4496-b9a9-32c0329cf987,Human_1,human,3,I'm not planning to cooperate at all.,Human decision
more,3,Game-42fb40,4.5,74d3354c-afb5-4c05-9dd4-d4755fe5276d,ThoughtfulInvestor_2,A cautious but fair player who wants the group to succeed but avoids being exploited.,3,"I'm pleased we all earned a return this round, though I'm still evaluating the overall risk/reward ratio given the varied investment strategies.  Let's discuss how we can optimize our collective approach going forward to maximize everyone's profits.",INVESTMENT: 3
more,2,Game-42fb40,5.5,9f4de0cd-667d-43f2-a82a-fcc7239b3786,ThoughtfulInvestor_3,A cautious but fair player who wants the group to succeed but avoids being exploited.,3,It seems a moderate investment strategy yielded a reasonable return this round.  I'm interested in exploring how different investment levels might impact future outcomes.,INVESTMENT: 2
less,0,Game-42fb40,8.0,958c89a7-04b8-4496-b9a9-32c0329cf987,Human_1,human,4,I'm not planning to cooperate at all.,Human decision
more,3,Game-42fb40,5.0,74d3354c-afb5-4c05-9dd4-d4755fe5276d,ThoughtfulInvestor_2,A cautious but fair player who wants the group to succeed but avoids being exploited.,4,It seems our investment strategies yielded varied results this round.  I'm interested in discussing how we can better coordinate our investments to maximize collective returns in future rounds.,INVESTMENT: 3
more,3,Game-42fb40,5.0,9f4de0cd-667d-43f2-a82a-fcc7239b3786,ThoughtfulInvestor_3,A cautious but fair player who wants the group to succeed but avoids being exploited.,4,It seems a moderate investment strategy yielded the best results this round.  I'm interested in discussing how we can collectively optimize our strategies going forward to maximize everyone's returns while mitigating individual risk.,INVESTMENT: 3
